K,valid_score,test_score,lr,num_layers,hidden_size
0.0,0.7961237980769231,0.0,0.01,3.0,16.0
0.0,0.7922175480769231,0.0,0.01,3.0,32.0
0.0,0.8988882211538461,0.0,0.001,3.0,16.0
0.0,0.8912259615384616,0.0,0.001,3.0,32.0
0.0,0.8988882211538461,0.88,0.001,3.0,16.0
1.0,0.7459435096153846,0.0,0.01,3.0,16.0
1.0,0.7448918269230769,0.0,0.01,3.0,32.0
1.0,0.8284254807692308,0.0,0.001,3.0,16.0
1.0,0.8922776442307692,0.0,0.001,3.0,32.0
1.0,0.8922776442307692,0.88,0.001,3.0,32.0
2.0,0.7569110576923077,0.0,0.01,3.0,16.0
2.0,0.7684795673076923,0.0,0.01,3.0,32.0
2.0,0.8324819711538461,0.0,0.001,3.0,16.0
2.0,0.8557692307692308,0.0,0.001,3.0,32.0
2.0,0.8557692307692308,0.88,0.001,3.0,32.0
3.0,0.7818509615384616,0.0,0.01,3.0,16.0
3.0,0.7741887019230769,0.0,0.01,3.0,32.0
3.0,0.8798076923076923,0.0,0.001,3.0,16.0
3.0,0.8595252403846154,0.0,0.001,3.0,32.0
3.0,0.8798076923076923,0.825,0.001,3.0,16.0
4.0,0.8012319711538461,0.0,0.01,3.0,16.0
4.0,0.7944711538461539,0.0,0.01,3.0,32.0
4.0,0.876953125,0.0,0.001,3.0,16.0
4.0,0.8796574519230769,0.0,0.001,3.0,32.0
4.0,0.8796574519230769,0.865,0.001,3.0,32.0
5.0,0.7857572115384616,0.0,0.01,3.0,16.0
5.0,0.8012319711538461,0.0,0.01,3.0,32.0
5.0,0.86328125,0.0,0.001,3.0,16.0
5.0,0.8837139423076923,0.0,0.001,3.0,32.0
5.0,0.8837139423076923,0.87,0.001,3.0,32.0
6.0,0.7412860576923077,0.0,0.01,3.0,16.0
6.0,0.7393329326923077,0.0,0.01,3.0,32.0
6.0,0.8034855769230769,0.0,0.001,3.0,16.0
6.0,0.8518629807692308,0.0,0.001,3.0,32.0
6.0,0.8518629807692308,0.805,0.001,3.0,32.0
7.0,0.7606670673076923,0.0,0.01,3.0,16.0
7.0,0.755859375,0.0,0.01,3.0,32.0
7.0,0.7713341346153846,0.0,0.001,3.0,16.0
7.0,0.8816105769230769,0.0,0.001,3.0,32.0
7.0,0.8816105769230769,0.91,0.001,3.0,32.0
8.0,0.7629206730769231,0.0,0.01,3.0,16.0
8.0,0.7289663461538461,0.0,0.01,3.0,32.0
8.0,0.7946213942307692,0.0,0.001,3.0,16.0
8.0,0.8846153846153846,0.0,0.001,3.0,32.0
8.0,0.8846153846153846,0.865,0.001,3.0,32.0
9.0,0.7509014423076923,0.0,0.01,3.0,16.0
9.0,0.7489483173076923,0.0,0.01,3.0,32.0
9.0,0.8855168269230769,0.0,0.001,3.0,16.0
9.0,0.8895733173076923,0.0,0.001,3.0,32.0
9.0,0.8895733173076923,0.885,0.001,3.0,32.0
