K,valid_score,test_score,lr,num_layers,hidden_size
0.0,0.7844551282051282,0.0,0.001,3.0,4.0
0.0,0.8185096153846154,0.0,0.001,3.0,8.0
0.0,0.850360576923077,0.0,0.001,3.0,16.0
0.0,0.8309294871794872,0.0,0.001,3.0,32.0
0.0,0.850360576923077,0.8294270833333333,0.001,3.0,16.0
1.0,0.735176282051282,0.0,0.001,3.0,4.0
1.0,0.735176282051282,0.0,0.001,3.0,8.0
1.0,0.8084935897435898,0.0,0.001,3.0,16.0
1.0,0.7984775641025642,0.0,0.001,3.0,32.0
1.0,0.8084935897435898,0.8111979166666667,0.001,3.0,16.0
2.0,0.7794471153846154,0.0,0.001,3.0,4.0
2.0,0.7756410256410255,0.0,0.001,3.0,8.0
2.0,0.829326923076923,0.0,0.001,3.0,16.0
2.0,0.8469551282051282,0.0,0.001,3.0,32.0
2.0,0.8469551282051282,0.8207465277777778,0.001,3.0,32.0
3.0,0.797676282051282,0.0,0.001,3.0,4.0
3.0,0.8243189102564102,0.0,0.001,3.0,8.0
3.0,0.8066907051282052,0.0,0.001,3.0,16.0
3.0,0.8223157051282052,0.0,0.001,3.0,32.0
3.0,0.8243189102564102,0.7834201388888888,0.001,3.0,8.0
4.0,0.5737179487179488,0.0,0.001,3.0,4.0
4.0,0.7267628205128206,0.0,0.001,3.0,8.0
4.0,0.7427884615384616,0.0,0.001,3.0,16.0
4.0,0.7481971153846154,0.0,0.001,3.0,32.0
4.0,0.7481971153846154,0.7894965277777778,0.001,3.0,32.0
5.0,0.7704326923076922,0.0,0.001,3.0,4.0
5.0,0.7964743589743589,0.0,0.001,3.0,8.0
5.0,0.8305288461538461,0.0,0.001,3.0,16.0
5.0,0.7796474358974358,0.0,0.001,3.0,32.0
5.0,0.8305288461538461,0.7756076388888888,0.001,3.0,16.0
6.0,0.8068910256410255,0.0,0.001,3.0,4.0
6.0,0.8094951923076922,0.0,0.001,3.0,8.0
6.0,0.8141025641025642,0.0,0.001,3.0,16.0
6.0,0.7998798076923078,0.0,0.001,3.0,32.0
6.0,0.8141025641025642,0.7673611111111112,0.001,3.0,16.0
7.0,0.7712339743589745,0.0,0.001,3.0,4.0
7.0,0.7900641025641025,0.0,0.001,3.0,8.0
7.0,0.7912660256410255,0.0,0.001,3.0,16.0
7.0,0.8613782051282052,0.0,0.001,3.0,32.0
7.0,0.8613782051282052,0.76953125,0.001,3.0,32.0
8.0,0.7628205128205128,0.0,0.001,3.0,4.0
8.0,0.7758413461538461,0.0,0.001,3.0,8.0
8.0,0.7758413461538461,0.0,0.001,3.0,16.0
8.0,0.8086939102564102,0.0,0.001,3.0,32.0
8.0,0.8086939102564102,0.8658854166666667,0.001,3.0,32.0
9.0,0.7794471153846154,0.0,0.001,3.0,4.0
9.0,0.7632211538461539,0.0,0.001,3.0,8.0
9.0,0.7910657051282052,0.0,0.001,3.0,16.0
9.0,0.7736378205128206,0.0,0.001,3.0,32.0
9.0,0.7910657051282052,0.7894965277777778,0.001,3.0,16.0
